;;This data is released for wider industry use on embodied carbon mitigation and not for commerical purposes. Price & Myers take no responsibility for the accuracy of the data included. ;;;;;;;;;;;;;;;;;;;;;;;;;;;;;;;;;;;;;;;;;;;;;;;;;;;;;;;;;;;;;;;;;;;;;;;;
;;Excel versions with fully visible data available on request. For any questions please contact Ben Gholam or Will Rogers-Tizard;;;;;;;;;;;;;;;;;;;;;;;;;;;;;;;;;;;;;;;;;;;;;;;;;;;;;;;;;;;;;;;;;;;;;;;;
;;;;;;;;;;;;;;;;;;;;;;;;;;;;;;;;;;;;;;;;;;;;;;;;;;;;;;;;;;;;;;;;;;;;;;;;;;
;;;;;;;;;;;;;;;;;;;;;;;;;;;;;;;;;;;;;;;;;;;;;;;;;;;;;;;;;;;;;;;;;;;;;;;;;;
;;;;;;;;;;;;;CONCRETE GEN1;;;;CONCRETE 20/25;;;;CONCRETE 32/40;;;;CONCRETE 40/50;;;;Steel - Hot Rolled Sections;;;;Steel - Galvanised & Decking;;;;Steel - Reinforcement;;;;Timber, CLT;;;;Timber, Glulam;;;;Timber, Softwood;;;;Single Skin Masonry;;;;Double Skin Masonry;;;;100mm Concrete;;;;140mm Concrete;;;;215mm Concrete;;;;;
Job #;Sector;Type;GIFA (m2);Storeys;Basement;Foundations;Ground Floor;Superstructure;Typical Span (m);Typ Qk (kN_per_m2);Cladding;BREEAM Rating;Quantity (kg);Mix;Value;Total kgC02e;Quantity (kg);Mix;Value;Total kgC02e;Quantity (kg);Mix;Value;Total kgC02e;Quantity (kg);Mix;Value;Total kgC02e;Quantity (kg);Module;Value;Total kgC02e;Quantity (kg);Module;Value;Total kgC02e;Quantity (kg);Module;Value;Total kgC02e;Quantity (kg);Sequestration;Value;Total kgC02e;Quantity (kg);Sequestration;Value;Total kgC02e;Quantity (kg);Sequestration;Value;Total kgC02e;Quantity (m2);Mortar Mix;Value;Total kgC02e;Quantity (m2);Mortar Mix;Value;Total kgC02e;Quantity (m2);Density;Value;Total kgC02e;Quantity (m2);Density;Value;Total kgC02e;Quantity (m2);Density;Value;Total kgC02e;Calculated Total tCO2e;Calculated tCO2e_per_m2
1;Other;New Build (Brownfield);4631;3;None;Piled Ground Beams;Suspended RC;In-Situ RC;7,00;4,00;Masonry + SFS;Unknown;88200;CEMI;0,097;8573,04;0;CEMI;0,121;0;1081200;CEMI;0,150;161639,4;5236800;50% GGBS;0,102;531535,2;13338;Short Term (A-C);1,550;20673,9;0;Short Term (A-C);2,760;0;229010,6362;Short Term (A-C);1,990;455731,166;0;No Carbon Sequestration;0,430;0;0;No Carbon Sequestration;0,510;0;4500;No Carbon Sequestration;0,260;1170;9,37;1:0.5:4.5;38,500;360,745;0;1:1:6;80,000;0;0;Medium Density;15,130;0;3,89;High Density;28,000;108,92;0;High Density;42,610;0;1179,8;0,255
2;Residential;New Build (Brownfield);4640;7;None;Mass Pads/Strips;Suspended RC;CLT Frame;4,00;2,50;Lightweight Only;Unknown;760032;30% PFA;0,144;109064,592;0;CEMI;0,121;0;1831225;30% PFA;0,125;229086,2475;0;CEMI;0,172;0;45841;Short Term (A-C);1,550;71053,55;0;Short Term (A-C);2,760;0;118239;Short Term (A-C);1,990;235295,61;546419;No Carbon Sequestration;0,430;234960,17;4779;No Carbon Sequestration;0,510;2437,29;0;No Carbon Sequestration;0,260;0;0;1:1:6;37,300;0;0;1:1:6;80,000;0;0;Medium Density;15,130;0;0;Medium Density;21,160;0;0;High Density;42,610;0;881,9;0,190
3;Cultural;New Build (Brownfield);742;3;None;Mass Pads/Strips;Suspended RC;Steel Frame, Precast;2,50;4,00;Masonry + SFS;Very Good;206400;CEMI;0,097;20062,08;19680;CEMI;0,121;2379,312;387500;25% GGBS;0,120;46616,25;41349;CEMI;0,172;7120,2978;37483;Short Term (A-C);1,550;58098,65;0;Short Term (A-C);2,760;0;3819;Short Term (A-C);1,990;7599,81;0;No Carbon Sequestration;0,430;0;0;No Carbon Sequestration;0,510;0;29689;No Carbon Sequestration;0,260;7719,14;0;1:1:6;37,300;0;0;1:1:6;80,000;0;0;Medium Density;15,130;0;0;Medium Density;21,160;0;0;High Density;42,610;0;149,6;0,202
4;Residential;New Build (Greenfield);1534;2;Partial Footprint;Raft;Suspended RC;Masonry, Concrete;7,00;2,50;Stone + Masonry;Unknown;449280;50% GGBS;0,092;41243,904;0;CEMI;0,121;0;1400400;50% GGBS;0,089;124355,52;0;CEMI;0,172;0;12948;Short Term (A-C);1,550;20069,4;0;Short Term (A-C);2,760;0;70058;Short Term (A-C);1,990;139415,42;0;No Carbon Sequestration;0,430;0;0;No Carbon Sequestration;0,510;0;15500;No Carbon Sequestration;0,260;4030;117,5;1:0.5:4.5;38,500;4523,75;0;1:1:6;80,000;0;0;Medium Density;15,130;0;2350;High Density;28,000;65800;588;High Density;42,610;25054,68;424,5;0,277
5;Residential;New Build (Brownfield);7284;6;None;Mass Pads/Strips;Ground Bearing RC;In-Situ RC;7,50;2,50;Masonry + SFS;Unknown;0;CEMI;0,097;0;0;CEMI;0,121;0;6445480;50% GGBS;0,089;572358,6348;1614678,9;50% GGBS;0,102;163889,9084;4076,8;Short Term (A-C);1,550;6319,04;24726,68;Short Term (A-C);2,760;68245,6368;535090,281;Short Term (A-C);1,990;1064829,659;0;No Carbon Sequestration;0,430;0;0;No Carbon Sequestration;0,510;0;0;No Carbon Sequestration;0,260;0;435;1:1:6;37,300;16225,5;0;1:1:6;80,000;0;0;Medium Density;15,130;0;0;Medium Density;21,160;0;104;High Density;42,610;4431,44;1896,3;0,260
6;Educational;New Build (Greenfield);4180;5;Partial Footprint;Piles (Pile Caps);Suspended RC;In-Situ RC;4,50;3,00;Stone + Masonry;Unknown;40748;CEMI;0,097;3960,7056;1983062;40% PFA;0,088;173914,5374;5869135;25% GGBS;0,120;706056,9405;0;CEMI;0,172;0;7500;Short Term (A-C);1,550;11625;0;Short Term (A-C);2,760;0;316313;Short Term (A-C);1,990;629462,87;0;No Carbon Sequestration;0,430;0;0;No Carbon Sequestration;0,510;0;18459;No Carbon Sequestration;0,260;4799,34;0;1:1:6;37,300;0;0;1:1:6;80,000;0;0;Medium Density;15,130;0;0;Medium Density;21,160;0;0;High Density;42,610;0;1529,8;0,366
7;Residential;New Build (Brownfield);15145;10;None;Piles (Pile Caps);Suspended RC;In-Situ RC;7,50;2,50;Masonry + SFS;Unknown;300000;CEMI;0,097;29160;0;CEMI;0,121;0;19534045;25% GGBS;0,120;2349945,614;0;CEMI;0,172;0;0;Short Term (A-C);1,550;0;14265;Short Term (A-C);2,760;39371,4;823787,25;Short Term (A-C);1,990;1639336,628;0;No Carbon Sequestration;0,430;0;0;No Carbon Sequestration;0,510;0;0;No Carbon Sequestration;0,260;0;0;1:1:6;37,300;0;0;1:1:6;80,000;0;0;Medium Density;15,130;0;0;Medium Density;21,160;0;0;High Density;42,610;0;4057,8;0,268
8;Residential;New Build (Brownfield);4500;6;None;Piles (Pile Caps);Suspended RC;In-Situ RC;6,50;2,50;Masonry + SFS;Unknown;89950;CEMI;0,097;8743,14;0;CEMI;0,121;0;4431096;15% PFA;0,139;616365,3841;0;CEMI;0,172;0;158;Short Term (A-C);1,550;244,9;0;Short Term (A-C);2,760;0;191903;Short Term (A-C);1,990;381886,97;0;No Carbon Sequestration;0,430;0;0;No Carbon Sequestration;0,510;0;0;No Carbon Sequestration;0,260;0;0;1:1:6;37,300;0;0;1:1:6;80,000;0;0;Medium Density;15,130;0;0;Medium Density;21,160;0;0;High Density;42,610;0;1007,2;0,224
9;Mixed Use;New Build (Brownfield);3900;6;None;Piles (Pile Caps);Suspended RC;In-Situ RC;7,00;2,50;Masonry + SFS;Unknown;61296;CEMI;0,097;5957,9712;0;CEMI;0,121;0;5271906;15% PFA;0,139;733322,1246;0;CEMI;0,172;0;79;Short Term (A-C);1,550;122,45;0;Short Term (A-C);2,760;0;202261;Short Term (A-C);1,990;402499,39;0;No Carbon Sequestration;0,430;0;0;No Carbon Sequestration;0,510;0;0;No Carbon Sequestration;0,260;0;0;1:1:6;37,300;0;0;1:1:6;80,000;0;0;Medium Density;15,130;0;0;Medium Density;21,160;0;0;High Density;42,610;0;1141,9;0,293
10;Educational;New Build (Brownfield);1724;2;None;Piled Ground Beams;Suspended RC;Steel Frame, Composite;4,00;2,50;Masonry + SFS;Very Good;0;CEMI;0,097;0;0;CEMI;0,121;0;1402014;50% GGBS;0,089;124498,8432;0;CEMI;0,172;0;120545;Short Term (A-C);1,550;186844,75;18627;Short Term (A-C);2,760;51410,52;87324;Short Term (A-C);1,990;173774,76;0;No Carbon Sequestration;0,430;0;0;No Carbon Sequestration;0,510;0;760,2;No Carbon Sequestration;0,260;197,652;0;1:1:6;37,300;0;0;1:1:6;80,000;0;0;Medium Density;15,130;0;0;Medium Density;21,160;0;0;High Density;42,610;0;536,7;0,311
11;Commercial;New Build (Brownfield);2772;4;None;Piles (Pile Caps);Suspended RC;Steel Frame, Composite;8,00;3,00;Glazed/Curtain Wall;Unknown;0;CEMI;0,097;0;104879;40% PFA;0,088;9197,8883;1692400;30% PFA;0,125;211719,24;85032;CEMI;0,172;14642,5104;293000;Short Term (A-C);1,550;454150;31780;Short Term (A-C);2,760;87712,8;99800;Short Term (A-C);1,990;198602;0;No Carbon Sequestration;0,430;0;0;No Carbon Sequestration;0,510;0;0;No Carbon Sequestration;0,260;0;0;1:1:6;37,300;0;0;1:1:6;80,000;0;0;Medium Density;15,130;0;0;Medium Density;21,160;0;0;High Density;42,610;0;976,0;0,352
12;Educational;New Build (Greenfield);904;1;None;Piled Ground Beams;Suspended Precast;Steel Frame, Other;3,00;2,50;Stone + Masonry;Unknown;0;CEMI;0,097;0;364866;CEMI;0,121;44112,2994;1075590;70% GGBS;0,063;68192,406;0;CEMI;0,172;0;54047;Short Term (A-C);1,550;83772,85;18016;Short Term (A-C);2,760;49724,16;11937;Short Term (A-C);1,990;23754,63;0;No Carbon Sequestration;0,430;0;5768;No Carbon Sequestration;0,510;2941,68;19275;No Carbon Sequestration;0,260;5011,5;0;1:1:6;37,300;0;0;1:1:6;80,000;0;376;Medium Density;15,130;5688,88;1010;Lightweight AAC;30,530;30835,3;401;Lightweight AAC;54,710;21938,71;336,0;0,372
13;Cultural;New Build (Greenfield);1050;1;None;Mass Pads/Strips;Ground Bearing RC;Masonry, Timber;3,00;0,75;Masonry Only;Unknown;1080000;50% GGBS;0,092;99144;0;CEMI;0,121;0;654000;50% GGBS;0,089;58075,2;0;CEMI;0,172;0;25000;Short Term (A-C);1,550;38750;0;Short Term (A-C);2,760;0;5000;Short Term (A-C);1,990;9950;0;No Carbon Sequestration;0,430;0;0;No Carbon Sequestration;0,510;0;27000;No Carbon Sequestration;0,260;7020;1200;1:1:6;37,300;44760;0;1:1:6;80,000;0;1313;High Density;17,790;23358,27;1276;High Density;28,000;35728;0;High Density;42,610;0;316,8;0,302
14;Educational;New Build (Brownfield);1555;4;Partial Footprint;Piled Ground Beams;Suspended RC;CLT Frame;7,00;4,00;Masonry Only;Very Good;0;CEMI;0,097;0;0;CEMI;0,121;0;724400;25% GGBS;0,120;87145,32;0;CEMI;0,172;0;3858;Short Term (A-C);1,550;5979,9;792;Short Term (A-C);2,760;2185,92;31261;Short Term (A-C);1,990;62209,39;418100;No Carbon Sequestration;0,430;179783;0;No Carbon Sequestration;0,510;0;0;No Carbon Sequestration;0,260;0;0;1:1:6;37,300;0;0;1:1:6;80,000;0;0;Medium Density;15,130;0;0;Medium Density;21,160;0;0;High Density;42,610;0;337,3;0,217
15;Educational;New Build (Brownfield);8118;4;Partial Footprint;Piles (Pile Caps);Suspended RC;In-Situ RC;6,00;5,00;Lightweight Only;Excellent;0;CEMI;0,097;0;0;CEMI;0,121;0;12859276;50% GGBS;0,089;1141903,731;0;CEMI;0,172;0;70048,93;Short Term (A-C);1,550;108575,8415;0;Short Term (A-C);2,760;0;607873,86;Short Term (A-C);1,990;1209668,981;49933,74;No Carbon Sequestration;0,430;21471,5082;4583,08;No Carbon Sequestration;0,510;2337,3708;0;No Carbon Sequestration;0,260;0;0;1:1:6;37,300;0;0;1:1:6;80,000;0;0;Medium Density;15,130;0;354,43;High Density;28,000;9924,04;0;High Density;42,610;0;2493,9;0,307
16;Educational;New Build (Brownfield);1874;2;None;Mass Pads/Strips;Ground Bearing RC;CLT Frame;6,00;4,00;Masonry Only;Unknown;435675;CEMI;0,097;42347,61;0;CEMI;0,121;0;1194155;50% GGBS;0,089;106040,964;0;CEMI;0,172;0;46864,5;Short Term (A-C);1,550;72639,975;0;Short Term (A-C);2,760;0;87733;Short Term (A-C);1,990;174588,67;279540;No Carbon Sequestration;0,430;120202,2;16555;No Carbon Sequestration;0,510;8443,05;2368;No Carbon Sequestration;0,260;615,68;0;1:1:6;37,300;0;0;1:1:6;80,000;0;0;Medium Density;15,130;0;0;Medium Density;21,160;0;0;High Density;42,610;0;524,9;0,280
17;Residential;New Build (Brownfield);1305;5;None;Piles (Pile Caps);Suspended RC;In-Situ RC;4,00;2,50;Masonry Only;Unknown;0;CEMI;0,097;0;0;CEMI;0,121;0;1385376;30% PFA;0,125;173310,5376;45600;30% PFA;0,142;6470,64;5694;Short Term (A-C);1,550;8825,7;0;Short Term (A-C);2,760;0;44856;Short Term (A-C);1,990;89263,44;0;No Carbon Sequestration;0,430;0;0;No Carbon Sequestration;0,510;0;3400;No Carbon Sequestration;0,260;884;0;1:1:6;37,300;0;0;1:1:6;80,000;0;0;Medium Density;15,130;0;0;Medium Density;21,160;0;0;High Density;42,610;0;278,8;0,214
18;Educational;New Build (Brownfield);2349;9;Full Footprint;Piles (Pile Caps);Suspended RC;In-Situ RC;7,00;5,00;Masonry + SFS;Unknown;0;CEMI;0,097;0;1713110;CEMI;0,121;207114,999;4558488;25% GGBS;0,120;548386,1064;0;CEMI;0,172;0;21600;Short Term (A-C);1,550;33480;0;Short Term (A-C);2,760;0;487416;Short Term (A-C);1,990;969957,84;0;No Carbon Sequestration;0,430;0;0;No Carbon Sequestration;0,510;0;0;No Carbon Sequestration;0,260;0;0;1:1:6;37,300;0;0;1:1:6;80,000;0;0;Medium Density;15,130;0;0;Medium Density;21,160;0;0;High Density;42,610;0;1758,9;0,749
19;Educational;New Build (Brownfield);7755;3;None;Piled Ground Beams;Suspended RC;Steel Frame, Precast;7,50;4,00;Masonry + SFS;Unknown;0;CEMI;0,097;0;0;CEMI;0,121;0;4498206;50% GGBS;0,089;399440,6928;1582578;CEMI;0,172;272519,9316;282320;Short Term (A-C);1,550;437596;20618,051;Short Term (A-C);2,760;56905,82076;162571;Short Term (A-C);1,990;323516,29;0;No Carbon Sequestration;0,430;0;0;No Carbon Sequestration;0,510;0;773,5;No Carbon Sequestration;0,260;201,11;0;1:1:6;37,300;0;0;1:1:6;80,000;0;0;Medium Density;15,130;0;0;Medium Density;21,160;0;0;High Density;42,610;0;1490,2;0,192
20;Educational;New Build (Brownfield);2100;1;None;Piles (Pile Caps);Suspended RC;Steel Frame, Other;6,50;3,00;Masonry Only;Very Good;0;CEMI;0,097;0;670000;70% GGBS;0,053;35309;1325000;50% GGBS;0,089;117660;0;CEMI;0,172;0;73633;Short Term (A-C);1,550;114131,15;0;Short Term (A-C);2,760;0;71112;Short Term (A-C);1,990;141512,88;0;No Carbon Sequestration;0,430;0;0;No Carbon Sequestration;0,510;0;0;No Carbon Sequestration;0,260;0;0;1:1:6;37,300;0;0;1:1:6;80,000;0;0;Medium Density;15,130;0;0;Medium Density;21,160;0;0;High Density;42,610;0;408,6;0,195
21;Educational;New Build (Brownfield);15985;2;None;Mass Pads/Strips;Ground Bearing RC;Steel Frame, Composite;45,00;5,00;Masonry + SFS;Unknown;2308577;CEMI;0,097;224393,6844;0;CEMI;0,121;0;10632977;50% GGBS;0,089;944208,3576;0;CEMI;0,172;0;1305860;Short Term (A-C);1,550;2024083;0;Short Term (A-C);2,760;0;205828;Short Term (A-C);1,990;409597,72;0;No Carbon Sequestration;0,430;0;0;No Carbon Sequestration;0,510;0;0;No Carbon Sequestration;0,260;0;0;1:1:6;37,300;0;0;1:1:6;80,000;0;0;Medium Density;15,130;0;0;Medium Density;21,160;0;0;High Density;42,610;0;3602,3;0,225
22;Residential;New Build (Brownfield);3932;4;None;Piles (Pile Caps);Suspended RC;In-Situ RC;5,74;2,50;Masonry + SFS;Very Good;0;CEMI;0,097;0;0;CEMI;0,121;0;5569323;25% GGBS;0,120;669989,5569;0;CEMI;0,172;0;0;Short Term (A-C);1,550;0;0;Short Term (A-C);2,760;0;441951;Short Term (A-C);1,990;879482,49;0;No Carbon Sequestration;0,430;0;0;No Carbon Sequestration;0,510;0;0;No Carbon Sequestration;0,260;0;0;1:1:6;37,300;0;0;1:1:6;80,000;0;0;Medium Density;15,130;0;0;Medium Density;21,160;0;0;High Density;42,610;0;1549,5;0,394
23;Educational;New Build (Brownfield);3460;2;None;Piled Ground Beams;Suspended RC;CLT Frame;4,00;4,00;Masonry Only;Unknown;0;CEMI;0,097;0;0;CEMI;0,121;0;2793100;25% GGBS;0,120;336009,93;0;CEMI;0,172;0;90435;Short Term (A-C);1,550;140174,25;0;Short Term (A-C);2,760;0;116327;Short Term (A-C);1,990;231490,73;518007;No Carbon Sequestration;0,430;222743,01;0;No Carbon Sequestration;0,510;0;0;No Carbon Sequestration;0,260;0;0;1:1:6;37,300;0;0;1:1:6;80,000;0;0;Medium Density;15,130;0;0;Medium Density;21,160;0;0;High Density;42,610;0;930,4;0,269
24;Mixed Use;New Build (Brownfield);11500;7;None;Piled Ground Beams;Suspended RC;In-Situ RC;6,00;2,50;Masonry + SFS;Very Good;0;CEMI;0,097;0;0;CEMI;0,121;0;12826632;50% GGBS;0,089;1139004,922;720000;25% GGBS;0,138;99576;0;Short Term (A-C);1,550;0;0;Short Term (A-C);2,760;0;568641;Short Term (A-C);1,990;1131595,59;0;No Carbon Sequestration;0,430;0;0;No Carbon Sequestration;0,510;0;0;No Carbon Sequestration;0,260;0;0;1:1:6;37,300;0;0;1:1:6;80,000;0;0;Medium Density;15,130;0;0;Medium Density;21,160;0;0;High Density;42,610;0;2370,2;0,206
25;Residential;New Build (Brownfield);9483;8;None;Piles (Pile Caps);Suspended RC;In-Situ RC;5,00;2,50;Masonry + SFS;Very Good;0;CEMI;0,097;0;0;CEMI;0,121;0;13612812;50% GGBS;0,089;1208817,706;0;CEMI;0,172;0;0;Short Term (A-C);1,550;0;0;Short Term (A-C);2,760;0;481132;Short Term (A-C);1,990;957452,68;0;No Carbon Sequestration;0,430;0;0;No Carbon Sequestration;0,510;0;0;No Carbon Sequestration;0,260;0;0;1:1:6;37,300;0;0;1:1:6;80,000;0;0;Medium Density;15,130;0;0;Medium Density;21,160;0;0;High Density;42,610;0;2166,3;0,228
26;Residential;New Build (Brownfield);31774;19;Full Footprint;Piles (Pile Caps);Suspended RC;In-Situ RC;8,00;2,50;Stone + SFS;Unknown;106128;CEMI;0,097;10315,6416;0;CEMI;0,121;0;17581541;15% PFA;0,139;2445592,325;28928379,6;15% PFA;0,159;4599612,356;198683,5;Short Term (A-C);1,550;307959,425;0;Short Term (A-C);2,760;0;1502863,7;Short Term (A-C);1,990;2990698,763;0;No Carbon Sequestration;0,430;0;0;No Carbon Sequestration;0,510;0;0;No Carbon Sequestration;0,260;0;0;1:1:6;37,300;0;0;1:1:6;80,000;0;0;Medium Density;15,130;0;0;Medium Density;21,160;0;0;High Density;42,610;0;10354,2;0,326
27;Mixed Use;New Build (Brownfield);2276;7;Full Footprint;Raft;Raft;Other;6,40;3,50;Stone + Masonry;Unknown;169800;CEMI;0,097;16504,56;0;CEMI;0,121;0;0;CEMI;0,150;0;1746336;25% GGBS;0,138;241518,2688;10296;Short Term (A-C);1,550;15958,8;0;Short Term (A-C);2,760;0;120323,7;Short Term (A-C);1,990;239444,163;180383,5;No Carbon Sequestration;0,430;77564,905;0;No Carbon Sequestration;0,510;0;0;No Carbon Sequestration;0,260;0;0;1:1:6;37,300;0;0;1:1:6;80,000;0;0;Medium Density;15,130;0;0;Medium Density;21,160;0;0;High Density;42,610;0;591,0;0,260
28;Educational;New Build (Brownfield);220;1;None;Piled Ground Beams;Suspended RC;Masonry, Timber;5,00;3,00;Masonry Only;Unknown;0;CEMI;0,097;0;110612;CEMI;0,121;13372,9908;144375;CEMI;0,150;21584,0625;0;CEMI;0,172;0;0;Short Term (A-C);1,550;0;0;Short Term (A-C);2,760;0;10844;Short Term (A-C);1,990;21579,56;0;No Carbon Sequestration;0,430;0;630;No Carbon Sequestration;0,510;321,3;3082;No Carbon Sequestration;0,260;801,32;126;1:1:6;37,300;4699,8;0;1:1:6;80,000;0;0;Medium Density;15,130;0;252;High Density;28,000;7056;0;High Density;42,610;0;69,4;0,316
29;Educational;Mixed New Build/Refurb;1311;2;None;Mass Pads/Strips;Suspended RC;Steel Frame, Composite;6,50;3,00;Glazed/Curtain Wall;Unknown;802008;70% GGBS;0,044;35047,7496;108336;CEMI;0,121;13097,8224;954984;50% GGBS;0,089;84802,5792;211182;25% GGBS;0,138;29206,4706;58718;Short Term (A-C);1,550;91012,9;2314;Short Term (A-C);2,760;6386,64;16684,85;Short Term (A-C);1,990;33202,8515;0;No Carbon Sequestration;0,430;0;0;No Carbon Sequestration;0,510;0;432,6;No Carbon Sequestration;0,260;112,476;0;1:1:6;37,300;0;16,2;1:1:6;80,000;1296;0;Medium Density;15,130;0;0;Medium Density;21,160;0;0;High Density;42,610;0;294,2;0,224
30;Educational;New Build (Brownfield);11736;4;None;Piles (Pile Caps);Suspended RC;Steel Frame, Composite;7,20;4,00;Masonry + SFS;Excellent;0;CEMI;0,097;0;0;CEMI;0,121;0;8415750;50% GGBS;0,089;747318,6;1678250;50% GGBS;0,102;170342,375;942000;Short Term (A-C);1,550;1460100;112255;Short Term (A-C);2,760;309823,8;331164;Short Term (A-C);1,990;659016,36;0;No Carbon Sequestration;0,430;0;0;No Carbon Sequestration;0,510;0;0;No Carbon Sequestration;0,260;0;0;1:1:6;37,300;0;0;1:1:6;80,000;0;0;Medium Density;15,130;0;0;Medium Density;21,160;0;0;High Density;42,610;0;3346,6;0,285
31;Commercial;New Build (Brownfield);7922;7;Full Footprint;Raft;Suspended RC;In-Situ RC;6,00;3,00;Stone + Masonry;Unknown;0;CEMI;0,097;0;0;CEMI;0,121;0;0;CEMI;0,150;0;7707360;25% GGBS;0,138;1065927,888;24180;Short Term (A-C);1,550;37479;0;Short Term (A-C);2,760;0;450204;Short Term (A-C);1,990;895905,96;0;No Carbon Sequestration;0,430;0;0;No Carbon Sequestration;0,510;0;3825;No Carbon Sequestration;0,260;994,5;2160;1:1:6;37,300;80568;0;1:1:6;80,000;0;0;Medium Density;15,130;0;0;Medium Density;21,160;0;0;High Density;42,610;0;2080,9;0,263
32;Residential;New Build (Brownfield);544;3;None;Piled Ground Beams;Other;Masonry, Timber;4,50;2,50;Masonry Only;Unknown;0;CEMI;0,097;0;71400;70% GGBS;0,053;3762,78;103200;50% GGBS;0,089;9164,16;0;CEMI;0,172;0;0;Short Term (A-C);1,550;0;9785;Short Term (A-C);2,760;27006,6;6746;Short Term (A-C);1,990;13424,54;0;No Carbon Sequestration;0,430;0;0;No Carbon Sequestration;0,510;0;9520;No Carbon Sequestration;0,260;2475,2;224;1:1:6;37,300;8355,2;0;1:1:6;80,000;0;1010;Medium Density;15,130;15281,3;160;High Density;28,000;4480;0;High Density;42,610;0;83,9;0,154
33;Cultural;New Build (Brownfield);5620;1;Full Footprint;Piles (Pile Caps);Suspended RC;Timber Frame;8,10;5,00;Masonry Only;Excellent;0;CEMI;0,097;0;2277676;70% GGBS;0,053;120033,5252;5988991;50% GGBS;0,089;531822,4008;0;CEMI;0,172;0;0;Short Term (A-C);1,550;0;0;Short Term (A-C);2,760;0;405480;Short Term (A-C);1,990;806905,2;241920;No Carbon Sequestration;0,430;104025,6;316050;No Carbon Sequestration;0,510;161185,5;0;No Carbon Sequestration;0,260;0;0;1:1:6;37,300;0;0;1:1:6;80,000;0;0;Medium Density;15,130;0;0;Medium Density;21,160;0;48;High Density;42,610;2045,28;1726,0;0,307
34;Commercial;New Build (Brownfield);1712;6;Full Footprint;Piled Ground Beams;Suspended RC;In-Situ RC;7,80;4,00;Masonry + SFS;Unknown;158581,04;CEMI;0,097;15414,07709;0;CEMI;0,121;0;3612385;50% GGBS;0,089;320779,8165;0;CEMI;0,172;0;306;Short Term (A-C);1,550;474,3;0;Short Term (A-C);2,760;0;184324,0245;Short Term (A-C);1,990;366804,8088;0;No Carbon Sequestration;0,430;0;0;No Carbon Sequestration;0,510;0;0;No Carbon Sequestration;0,260;0;0;1:1:6;37,300;0;0;1:1:6;80,000;0;0;Medium Density;15,130;0;0;Medium Density;21,160;0;0;High Density;42,610;0;703,5;0,411
35;Residential;New Build (Brownfield);37115;17;Full Footprint;Piles (Pile Caps);Suspended RC;In-Situ RC;7,50;2,50;Masonry + SFS;Unknown;0;CEMI;0,097;0;13267;CEMI;0,121;1603,9803;49629000;30% PFA;0,125;6208587,9;0;CEMI;0,172;0;376000;Short Term (A-C);1,550;582800;0;Short Term (A-C);2,760;0;2005824;Short Term (A-C);1,990;3991589,76;0;No Carbon Sequestration;0,430;0;0;No Carbon Sequestration;0,510;0;0;No Carbon Sequestration;0,260;0;0;1:1:6;37,300;0;0;1:1:6;80,000;0;0;Medium Density;15,130;0;0;Medium Density;21,160;0;0;High Density;42,610;0;10784,6;0,291
36;Mixed Use;New Build (Brownfield);14029;24;None;Piles (Pile Caps);Suspended RC;In-Situ RC;7,50;2,50;Masonry + SFS;Unknown;80860;CEMI;0,097;7859,592;2179984;CEMI;0,121;263560,0656;8116759;50% GGBS;0,089;720768,1992;6598643;25% GGBS;0,138;912592,3269;0;Short Term (A-C);1,550;0;0;Short Term (A-C);2,760;0;1167933;Short Term (A-C);1,990;2324186,67;0;No Carbon Sequestration;0,430;0;0;No Carbon Sequestration;0,510;0;0;No Carbon Sequestration;0,260;0;2028;1:1:6;37,300;75644,4;0;1:1:6;80,000;0;0;Medium Density;15,130;0;197,2;High Density;28,000;5521,6;0;High Density;42,610;0;4310,1;0,307
37;Residential;New Build (Brownfield);1360;3;None;Piles (Pile Caps);Suspended RC;In-Situ RC;4,00;2,00;Other;Unknown;0;CEMI;0,097;0;0;CEMI;0,121;0;2107296;25% GGBS;0,120;253507,7088;0;CEMI;0,172;0;20606;Short Term (A-C);1,550;31939,3;0;Short Term (A-C);2,760;0;122834;Short Term (A-C);1,990;244439,66;0;No Carbon Sequestration;0,430;0;0;No Carbon Sequestration;0,510;0;3691,7;No Carbon Sequestration;0,260;959,842;0;1:1:6;37,300;0;0;1:1:6;80,000;0;0;Medium Density;15,130;0;0;Medium Density;21,160;0;0;High Density;42,610;0;530,8;0,390
38;Residential;New Build (Brownfield);1154;4;Full Footprint;Piles (Pile Caps);Suspended RC;In-Situ RC;7,50;2,50;Masonry Only;Unknown;363;CEMI;0,097;35,2836;0;CEMI;0,121;0;2489150;CEMI;0,150;372127,925;0;CEMI;0,172;0;0;Short Term (A-C);1,550;0;0;Short Term (A-C);2,760;0;124030;Short Term (A-C);1,990;246819,7;0;No Carbon Sequestration;0,430;0;0;No Carbon Sequestration;0,510;0;840;No Carbon Sequestration;0,260;218,4;0;1:1:6;37,300;0;0;1:1:6;80,000;0;0;Medium Density;15,130;0;1541;Medium Density;21,160;32607,56;0;High Density;42,610;0;651,8;0,565
39;Residential;New Build (Brownfield);862;3;None;Piled Ground Beams;Suspended RC;Steel Frame, Timber;0,00;3,00;Masonry Only;Unknown;0;CEMI;0,097;0;0;CEMI;0,121;0;778931;50% GGBS;0,089;69169,0728;0;CEMI;0,172;0;36267;Short Term (A-C);1,550;56213,85;0;Short Term (A-C);2,760;0;27049;Short Term (A-C);1,990;53827,51;12907,4;No Carbon Sequestration;0,430;5550,182;0;No Carbon Sequestration;0,510;0;8032,4;No Carbon Sequestration;0,260;2088,424;0;1:1:6;37,300;0;0;1:1:6;80,000;0;0;Medium Density;15,130;0;0;Medium Density;21,160;0;0;High Density;42,610;0;186,8;0,217
40;Cultural;New Build (Greenfield);3499;6;Partial Footprint;Piled Ground Beams;Suspended Precast;Steel Frame, Precast;6,00;4,00;Masonry Only;Unknown;4719;CEMI;0,097;458,6868;304965;CEMI;0,121;36870,2685;1079856;50% GGBS;0,089;95891,2128;800704,8;CEMI;0,172;137881,3666;245231;Short Term (A-C);1,550;380108,05;0;Short Term (A-C);2,760;0;78093,5;Short Term (A-C);1,990;155406,065;0;No Carbon Sequestration;0,430;0;6818;No Carbon Sequestration;0,510;3477,18;6783;No Carbon Sequestration;0,260;1763,58;0;1:1:6;37,300;0;0;1:1:6;80,000;0;393,55;High Density;17,790;7001,2545;0;Medium Density;21,160;0;0;High Density;42,610;0;818,9;0,234
41;Residential;New Build (Brownfield);10108;4;Full Footprint;Piles (Pile Caps);Suspended RC;In-Situ RC;7,50;2,50;Masonry + SFS;Unknown;536880;CEMI;0,097;52184,736;6070295;25% GGBS;0,094;571821,789;11363750;25% GGBS;0,120;1367059,125;0;CEMI;0,172;0;55614;Short Term (A-C);1,550;86201,7;37284;Short Term (A-C);2,760;102903,84;896221;Short Term (A-C);1,990;1783479,79;0;No Carbon Sequestration;0,430;0;0;No Carbon Sequestration;0,510;0;2232;No Carbon Sequestration;0,260;580,32;0;1:1:6;37,300;0;0;1:1:6;80,000;0;0;Medium Density;15,130;0;0;Medium Density;21,160;0;0;High Density;42,610;0;3964,2;0,392
42;Educational;New Build (Brownfield);9862;3;None;Piles (Pile Caps);Suspended RC;In-Situ RC;8,00;4,00;Masonry Only;Good;0;CEMI;0,097;0;0;CEMI;0,121;0;0;CEMI;0,150;0;13014984;25% GGBS;0,138;1799972,287;55614;Short Term (A-C);1,550;86201,7;0;Short Term (A-C);2,760;0;541233,8;Short Term (A-C);1,990;1077055,262;0;No Carbon Sequestration;0,430;0;0;No Carbon Sequestration;0,510;0;1946,5;No Carbon Sequestration;0,260;506,09;0;1:1:6;37,300;0;0;1:1:6;80,000;0;0;Medium Density;15,130;0;7160;High Density;28,000;200480;0;High Density;42,610;0;3164,2;0,321
43;Educational;New Build (Brownfield);1290;3;None;Piled Ground Beams;Suspended RC;Steel Frame, Precast;3,50;5,00;Masonry + SFS;Unknown;0;CEMI;0,097;0;462241;25% GGBS;0,094;43543,1022;1179153;25% GGBS;0,120;141852,1059;0;CEMI;0,172;0;141363;Short Term (A-C);1,550;219112,65;3078;Short Term (A-C);2,760;8495,28;42398;Short Term (A-C);1,990;84372,02;0;No Carbon Sequestration;0,430;0;0;No Carbon Sequestration;0,510;0;3917;No Carbon Sequestration;0,260;1018,42;0;1:1:6;37,300;0;0;1:1:6;80,000;0;0;Medium Density;15,130;0;0;Medium Density;21,160;0;0;High Density;42,610;0;498,4;0,386
44;Educational;New Build (Greenfield);5428;3;None;Mass Pads/Strips;Ground Bearing RC;Steel Frame, Composite;35,00;3,50;Lightweight + SFS;Unknown;1447200;50% GGBS;0,092;132852,96;0;CEMI;0,121;0;1917600;50% GGBS;0,089;170282,88;0;CEMI;0,172;0;266900;Short Term (A-C);1,550;413695;17900;Short Term (A-C);2,760;49404;74405;Short Term (A-C);1,990;148065,95;0;No Carbon Sequestration;0,430;0;0;No Carbon Sequestration;0,510;0;0;No Carbon Sequestration;0,260;0;0;1:1:6;37,300;0;0;1:1:6;80,000;0;0;Medium Density;15,130;0;0;Medium Density;21,160;0;0;High Density;42,610;0;914,3;0,168
45;Residential;New Build (Brownfield);125;5;None;Piled Ground Beams;Suspended RC;Steel Frame, Composite;2,90;1,50;Stone + Masonry;Unknown;0;CEMI;0,097;0;67060;CEMI;0,121;8107,554;25680;50% GGBS;0,089;2280,384;0;CEMI;0,172;0;11500;Short Term (A-C);1,550;17825;1750;Short Term (A-C);2,760;4830;1500;Short Term (A-C);1,990;2985;0;No Carbon Sequestration;0,430;0;0;No Carbon Sequestration;0,510;0;300;No Carbon Sequestration;0,260;78;0;1:1:6;37,300;0;0;1:1:6;80,000;0;0;Medium Density;15,130;0;0;Medium Density;21,160;0;0;High Density;42,610;0;36,1;0,289
46;Residential;New Build (Greenfield);19512;6;Full Footprint;Piles (Pile Caps);Suspended RC;In-Situ RC;5,00;2,50;Masonry + SFS;Unknown;0;CEMI;0,097;0;4214006;CEMI;0,121;509473,3254;11812800;CEMI;0,150;1766013,6;12052800;CEMI;0,172;2075492,16;0;Short Term (A-C);1,550;0;0;Short Term (A-C);2,760;0;1011762;Short Term (A-C);1,990;2013406,38;0;No Carbon Sequestration;0,430;0;0;No Carbon Sequestration;0,510;0;0;No Carbon Sequestration;0,260;0;0;1:1:6;37,300;0;0;1:1:6;80,000;0;0;Medium Density;15,130;0;0;Medium Density;21,160;0;0;High Density;42,610;0;6364,4;0,326
47;Residential;New Build (Brownfield);2395;5;Partial Footprint;Piles (Pile Caps);Suspended RC;In-Situ RC;6,50;2,50;Masonry + SFS;Unknown;0;CEMI;0,097;0;438959;25% GGBS;0,094;41349,9378;3379200;50% GGBS;0,089;300072,96;0;CEMI;0,172;0;0;Short Term (A-C);1,550;0;0;Short Term (A-C);2,760;0;155120;Short Term (A-C);1,990;308688,8;0;No Carbon Sequestration;0,430;0;0;No Carbon Sequestration;0,510;0;0;No Carbon Sequestration;0,260;0;0;1:1:6;37,300;0;0;1:1:6;80,000;0;0;Medium Density;15,130;0;0;Medium Density;21,160;0;0;High Density;42,610;0;650,1;0,271
48;Educational;New Build (Brownfield);10220;4;None;Reinforced Pads/Strips;Ground Bearing RC;CLT Frame;7,00;4,00;Timber + SFS;Passivhaus;466789;50% GGBS;0,092;42851,2302;0;CEMI;0,121;0;10584760;50% GGBS;0,089;939926,728;0;CEMI;0,172;0;24099,5;Short Term (A-C);1,550;37354,225;0;Short Term (A-C);2,760;0;539349,6;Short Term (A-C);1,990;1073305,704;1195095;No Carbon Sequestration;0,430;513890,85;124566,2;No Carbon Sequestration;0,510;63528,762;0;No Carbon Sequestration;0,260;0;0;1:1:6;37,300;0;0;1:1:6;80,000;0;0;Medium Density;15,130;0;0;Medium Density;21,160;0;0;High Density;42,610;0;2670,9;0,261
49;Other;New Build (Greenfield);5500;9;None;Piles (Pile Caps);Suspended RC;In-Situ RC;6,00;10,00;Masonry Only;Excellent;51480;CEMI;0,097;5003,856;0;CEMI;0,121;0;9419160;25% GGBS;0,120;1133124,948;0;CEMI;0,172;0;22152;Short Term (A-C);1,550;34335,6;0;Short Term (A-C);2,760;0;809685;Short Term (A-C);1,990;1611273,15;0;No Carbon Sequestration;0,430;0;0;No Carbon Sequestration;0,510;0;4500;No Carbon Sequestration;0,260;1170;0;1:1:6;37,300;0;0;1:1:6;80,000;0;0;Medium Density;15,130;0;0;Medium Density;21,160;0;0;High Density;42,610;0;2784,9;0,506
50;Other;New Build (Brownfield);1729;3;Partial Footprint;Piles (Pile Caps);Ground Bearing RC;Steel Frame, Composite;7,20;5,00;Masonry + SFS;Unknown;68424;CEMI;0,097;6650,8128;682647;CEMI;0,121;82532,0223;1082736;25% GGBS;0,120;130253,1408;0;CEMI;0,172;0;286368;Short Term (A-C);1,550;443870,4;4553;Short Term (A-C);2,760;12566,28;69160,3;Short Term (A-C);1,990;137628,997;0;No Carbon Sequestration;0,430;0;612;No Carbon Sequestration;0,510;312,12;0;No Carbon Sequestration;0,260;0;0;1:1:6;37,300;0;0;1:1:6;80,000;0;0;Medium Density;15,130;0;0;Medium Density;21,160;0;0;High Density;42,610;0;813,8;0,471
51;Educational;New Build (Brownfield);2054;3;None;Piles (Pile Caps);Suspended RC;Steel Frame, Precast;7,50;5,00;Masonry + SFS;Unknown;15720;CEMI;0,097;1527,984;911917;50% GGBS;0,168;153110,8643;805043;25% GGBS;0,120;96846,6729;0;CEMI;0,172;0;9557;Short Term (A-C);1,550;14813,35;2900;Short Term (A-C);2,760;8004;62735;Short Term (A-C);1,990;124842,65;0;No Carbon Sequestration;0,430;0;0;No Carbon Sequestration;0,510;0;504;No Carbon Sequestration;0,260;131,04;0;1:1:6;37,300;0;0;1:1:6;80,000;0;0;Medium Density;15,130;0;0;Medium Density;21,160;0;0;High Density;42,610;0;399,3;0,194
52;Commercial;New Build (Greenfield);1210;3;None;Raft;Raft;In-Situ RC;5,05;3,50;Timber Only;Passivhaus;18050;CEMI;0,097;1754,46;0;CEMI;0,121;0;1258325;CEMI;0,150;188119,5875;0;CEMI;0,172;0;0;Short Term (A-C);1,550;0;27220;Short Term (A-C);2,760;75127,2;59992,5;Short Term (A-C);1,990;119385,075;0;No Carbon Sequestration;0,430;0;0;No Carbon Sequestration;0,510;0;3400;No Carbon Sequestration;0,260;884;0;1:1:6;37,300;0;0;1:1:6;80,000;0;0;Medium Density;15,130;0;0;Medium Density;21,160;0;0;High Density;42,610;0;385,3;0,318
53;Educational;New Build (Brownfield);2769;3;None;Mass Pads/Strips;Suspended RC;CLT Frame;7,20;1,50;Other;Unknown;8241;CEMI;0,097;801,0252;1517962;CEMI;0,121;183521,6058;1703485;50% GGBS;0,089;151269,468;0;CEMI;0,172;0;2669;Short Term (A-C);1,550;4136,95;0;Short Term (A-C);2,760;0;54426;Short Term (A-C);1,990;108307,74;317715;No Carbon Sequestration;0,430;136617,45;0;No Carbon Sequestration;0,510;0;0;No Carbon Sequestration;0,260;0;0;1:1:6;37,300;0;0;1:1:6;80,000;0;0;Medium Density;15,130;0;0;Medium Density;21,160;0;0;High Density;42,610;0;584,7;0,211
54;Educational;New Build (Brownfield);3600;3;None;Raft;Raft;In-Situ RC;7,20;4,00;Masonry + SFS;Very Good;0;CEMI;0,097;0;0;CEMI;0,121;0;4469110;50% GGBS;0,089;396856,968;0;CEMI;0,172;0;0;Short Term (A-C);1,550;0;19110;Short Term (A-C);2,760;52743,6;216677;Short Term (A-C);1,990;431187,23;0;No Carbon Sequestration;0,430;0;0;No Carbon Sequestration;0,510;0;0;No Carbon Sequestration;0,260;0;0;1:1:6;37,300;0;0;1:1:6;80,000;0;0;Medium Density;15,130;0;0;Medium Density;21,160;0;0;High Density;42,610;0;880,8;0,245
55;Residential;New Build (Greenfield);2400;3;None;Piled Ground Beams;Suspended RC;Masonry, Concrete;3,20;1,50;Masonry + SFS;Unknown;0;CEMI;0,097;0;228150;CEMI;0,121;27583,335;762500;CEMI;0,150;113993,75;576000;CEMI;0,172;99187,2;14500;Short Term (A-C);1,550;22475;0;Short Term (A-C);2,760;0;51331;Short Term (A-C);1,990;102148,69;0;No Carbon Sequestration;0,430;0;0;No Carbon Sequestration;0,510;0;0;No Carbon Sequestration;0,260;0;0;1:1:6;37,300;0;0;1:1:6;80,000;0;0;Medium Density;15,130;0;890;High Density;28,000;24920;1050;High Density;42,610;44740,5;435,0;0,181
56;Educational;New Build (Greenfield);746;3;None;Piles (Pile Caps);Suspended RC;In-Situ RC;8,50;4,00;Glazed/Curtain Wall;Unknown;0;CEMI;0,097;0;89700;CEMI;0,121;10844,73;918525;25% GGBS;0,120;110498,5575;0;CEMI;0,172;0;3975;Short Term (A-C);1,550;6161,25;0;Short Term (A-C);2,760;0;88012;Short Term (A-C);1,990;175143,88;0;No Carbon Sequestration;0,430;0;0;No Carbon Sequestration;0,510;0;0;No Carbon Sequestration;0,260;0;0;1:1:6;37,300;0;0;1:1:6;80,000;0;0;Medium Density;15,130;0;0;Medium Density;21,160;0;0;High Density;42,610;0;302,6;0,406
57;Residential;Mixed New Build/Refurb;810;4;Full Footprint;Piles (Pile Caps);Suspended RC;In-Situ RC;6,00;2,50;Masonry Only;Unknown;126096;CEMI;0,097;12256,5312;0;CEMI;0,121;0;1076688;25% GGBS;0,120;129525,5664;0;CEMI;0,172;0;5887,5;Short Term (A-C);1,550;9125,625;0;Short Term (A-C);2,760;0;57999,9;Short Term (A-C);1,990;115419,801;0;No Carbon Sequestration;0,430;0;0;No Carbon Sequestration;0,510;0;1345;No Carbon Sequestration;0,260;349,7;0;1:1:6;37,300;0;0;1:1:6;80,000;0;0;Medium Density;15,130;0;0;Medium Density;21,160;0;0;High Density;42,610;0;266,7;0,329
58;Residential;New Build (Brownfield);648;2;None;Piled Ground Beams;Suspended Precast;Masonry, Timber;4,00;2,50;Stone + Masonry;Unknown;0;CEMI;0,097;0;492248;CEMI;0,121;59512,7832;0;CEMI;0,150;0;50000;CEMI;0,172;8610;6250;Short Term (A-C);1,550;9687,5;7920;Short Term (A-C);2,760;21859,2;18447;Short Term (A-C);1,990;36709,53;0;No Carbon Sequestration;0,430;0;0;No Carbon Sequestration;0,510;0;13950;No Carbon Sequestration;0,260;3627;400;1:1:6;37,300;14920;0;1:1:6;80,000;0;1177;High Density;17,790;20938,83;232;High Density;28,000;6496;475;High Density;42,610;20239,75;202,6;0,313
59;Mixed Use;New Build (Greenfield);500;2;None;Piles (Pile Caps);Suspended RC;In-Situ RC;15,00;3,50;Glazed/Curtain Wall;Unknown;0;CEMI;0,097;0;120951;CEMI;0,121;14622,9759;762975;CEMI;0,150;114064,7625;0;CEMI;0,172;0;13500;Short Term (A-C);1,550;20925;1215;Short Term (A-C);2,760;3353,4;84381,87;Short Term (A-C);1,990;167919,9213;0;No Carbon Sequestration;0,430;0;0;No Carbon Sequestration;0,510;0;0;No Carbon Sequestration;0,260;0;0;1:1:6;37,300;0;0;1:1:6;80,000;0;0;Medium Density;15,130;0;0;Medium Density;21,160;0;0;High Density;42,610;0;320,9;0,642
60;Mixed Use;New Build (Greenfield);1100;2;None;;Suspended Precast;Steel Frame, Timber;5,50;3,50;Masonry + SFS;Unknown;0;CEMI;0,097;0;86988;CEMI;0,121;10516,8492;0;CEMI;0,150;0;755125;CEMI;0,172;130032,525;40425;Short Term (A-C);1,550;62658,75;0;Short Term (A-C);2,760;0;18114,8;Short Term (A-C);1,990;36048,452;0;No Carbon Sequestration;0,430;0;0;No Carbon Sequestration;0,510;0;19380;No Carbon Sequestration;0,260;5038,8;0;1:1:6;37,300;0;0;1:1:6;80,000;0;717;High Density;17,790;12755,43;0;Medium Density;21,160;0;0;High Density;42,610;0;257,1;0,234
61;Educational;New Build (Brownfield);1900;4;Full Footprint;Piles (Pile Caps);Suspended RC;In-Situ RC;7,00;4,00;Masonry + SFS;Unknown;30000;CEMI;0,097;2916;0;CEMI;0,121;0;2994000;CEMI;0,150;447603;0;CEMI;0,172;0;12500;Short Term (A-C);1,550;19375;1000;Short Term (A-C);2,760;2760;112000;Short Term (A-C);1,990;222880;0;No Carbon Sequestration;0,430;0;0;No Carbon Sequestration;0,510;0;1000;No Carbon Sequestration;0,260;260;360;1:1:6;37,300;13428;0;1:1:6;80,000;0;50;High Density;17,790;889,5;50;High Density;28,000;1400;0;High Density;42,610;0;711,5;0,374
62;Other;New Build (Brownfield);1900;3;Partial Footprint;Piles (Pile Caps);Suspended RC;Steel Frame, Precast;6,00;3,00;Glazed/Curtain Wall;Excellent;0;CEMI;0,097;0;0;CEMI;0,121;0;3172800;CEMI;0,150;474333,6;0;CEMI;0,172;0;116180;Short Term (A-C);1,550;180079;0;Short Term (A-C);2,760;0;54774;Short Term (A-C);1,990;109000,26;0;No Carbon Sequestration;0,430;0;0;No Carbon Sequestration;0,510;0;0;No Carbon Sequestration;0,260;0;0;1:1:6;37,300;0;0;1:1:6;80,000;0;0;Medium Density;15,130;0;0;Medium Density;21,160;0;0;High Density;42,610;0;763,4;0,402
63;Residential;New Build (Brownfield);3023;3;None;Mass Pads/Strips;Suspended RC;In-Situ RC;5,00;2,50;Masonry Only;Unknown;0;CEMI;0,097;0;0;CEMI;0,121;0;4294296;50% GGBS;0,089;381333,4848;0;CEMI;0,172;0;1482;Short Term (A-C);1,550;2297,1;0;Short Term (A-C);2,760;0;129383,72;Short Term (A-C);1,990;257473,6028;0;No Carbon Sequestration;0,430;0;0;No Carbon Sequestration;0,510;0;0;No Carbon Sequestration;0,260;0;0;1:1:6;37,300;0;0;1:1:6;80,000;0;0;Medium Density;15,130;0;0;Medium Density;21,160;0;0;High Density;42,610;0;641,1;0,212
64;Residential;New Build (Greenfield);867;4;Full Footprint;Raft;Suspended RC;Steel Frame, Other;6,00;1,50;Masonry Only;Unknown;137040;CEMI;0,097;13320,288;452280;50% GGBS;0,168;75937,812;491568;50% GGBS;0,089;43651,2384;0;CEMI;0,172;0;12628;Short Term (A-C);1,550;19573,4;0;Short Term (A-C);2,760;0;48853;Short Term (A-C);1,990;97217,47;0;No Carbon Sequestration;0,430;0;0;No Carbon Sequestration;0,510;0;3838,8;No Carbon Sequestration;0,260;998,088;485;1:1:6;37,300;18090,5;0;1:1:6;80,000;0;485;Medium Density;15,130;7338,05;0;Medium Density;21,160;0;0;High Density;42,610;0;276,1;0,318
65;Residential;New Build (Brownfield);21500;6;Partial Footprint;Piles (Pile Caps);Suspended RC;In-Situ RC;7,20;2,50;Masonry + SFS;Unknown;0;CEMI;0,097;0;0;CEMI;0,121;0;25120341;CEMI;0,150;3755490,98;0;CEMI;0,172;0;0;Short Term (A-C);1,550;0;0;Short Term (A-C);2,760;0;1411782;Short Term (A-C);1,990;2809446,18;0;No Carbon Sequestration;0,430;0;0;No Carbon Sequestration;0,510;0;0;No Carbon Sequestration;0,260;0;0;1:1:6;37,300;0;0;1:1:6;80,000;0;0;Medium Density;15,130;0;0;Medium Density;21,160;0;0;High Density;42,610;0;6564,9;0,305
66;Residential;New Build (Brownfield);3997;3;Partial Footprint;Raft;Raft;CLT Frame;4,50;2,50;Masonry Only;Unknown;144720;CEMI;0,097;14066,784;1042407;CEMI;0,121;126027,0063;396000;25% GGBS;0,120;47638,8;0;CEMI;0,172;0;21060;Short Term (A-C);1,550;32643;0;Short Term (A-C);2,760;0;52300;Short Term (A-C);1,990;104077;343560;No Carbon Sequestration;0,430;147730,8;0;No Carbon Sequestration;0,510;0;0;No Carbon Sequestration;0,260;0;0;1:1:6;37,300;0;0;1:1:6;80,000;0;0;Medium Density;15,130;0;0;Medium Density;21,160;0;0;High Density;42,610;0;472,2;0,118
67;Industrial;New Build (Greenfield);3657;2;None;Reinforced Pads/Strips;Ground Bearing RC;Steel Frame, Composite;12,00;4,00;Lightweight + SFS;Unknown;2522400;CEMI;0,097;245177,28;0;CEMI;0,121;0;1224000;CEMI;0,150;182988;0;CEMI;0,172;0;136590;Short Term (A-C);1,550;211714,5;19864;Short Term (A-C);2,760;54824,64;26423;Short Term (A-C);1,990;52581,77;0;No Carbon Sequestration;0,430;0;0;No Carbon Sequestration;0,510;0;0;No Carbon Sequestration;0,260;0;0;1:1:6;37,300;0;0;1:1:6;80,000;0;0;Medium Density;15,130;0;0;Medium Density;21,160;0;0;High Density;42,610;0;747,3;0,204
68;Residential;Mixed New Build/Refurb;1830;3;Full Footprint;Piled Ground Beams;Suspended RC;In-Situ RC;6,50;2,50;Stone + Masonry;Unknown;65400;CEMI;0,097;6356,88;0;CEMI;0,121;0;5782140;50% GGBS;0,089;513454,032;0;CEMI;0,172;0;10755;Short Term (A-C);1,550;16670,25;0;Short Term (A-C);2,760;0;423286;Short Term (A-C);1,990;842339,14;0;No Carbon Sequestration;0,430;0;0;No Carbon Sequestration;0,510;0;7871;No Carbon Sequestration;0,260;2046,46;0;1:1:6;37,300;0;0;1:1:6;80,000;0;0;Medium Density;15,130;0;0;Medium Density;21,160;0;0;High Density;42,610;0;1380,9;0,755
69;Residential;New Build (Greenfield);517;3;None;Mass Pads/Strips;Suspended Precast;Masonry, Concrete;3,20;1,50;Masonry Only;Unknown;299424;CEMI;0,097;29104,0128;0;CEMI;0,121;0;78492;CEMI;0,150;11734,554;98400;CEMI;0,172;16944,48;6708;Short Term (A-C);1,550;10397,4;0;Short Term (A-C);2,760;0;3835;Short Term (A-C);1,990;7631,65;0;No Carbon Sequestration;0,430;0;0;No Carbon Sequestration;0,510;0;3680;No Carbon Sequestration;0,260;956,8;409;1:1:6;37,300;15255,7;0;1:1:6;80,000;0;800;Medium Density;15,130;12104;0;Medium Density;21,160;0;0;High Density;42,610;0;104,1;0,201
70;Commercial;New Build (Brownfield);1643;3;None;Piled Ground Beams;Suspended RC;Steel Frame, Composite;3,85;3,00;Masonry + SFS;Unknown;56966;CEMI;0,097;5537,0952;1039440;CEMI;0,121;125668,296;0;CEMI;0,150;0;0;CEMI;0,172;0;82341;Short Term (A-C);1,550;127628,55;16683;Short Term (A-C);2,760;46045,08;33495;Short Term (A-C);1,990;66655,05;0;No Carbon Sequestration;0,430;0;0;No Carbon Sequestration;0,510;0;4813;No Carbon Sequestration;0,260;1251,38;0;1:1:6;37,300;0;0;1:1:6;80,000;0;0;Medium Density;15,130;0;150,5;Medium Density;21,160;3184,58;0;High Density;42,610;0;376,0;0,229
71;Commercial;New Build (Brownfield);2368;4;None;Mass Pads/Strips;Ground Bearing RC;Steel Frame, Precast;7,50;2,50;Masonry + SFS;Unknown;935510,703;CEMI;0,097;90931,64033;1217052;CEMI;0,121;147141,5868;0;CEMI;0,150;0;658568,8;70% GGBS;0,072;47351,09672;133259,939;Short Term (A-C);1,550;206552,9055;0;Short Term (A-C);2,760;0;11272,93;Short Term (A-C);1,990;22433,1307;0;No Carbon Sequestration;0,430;0;0;No Carbon Sequestration;0,510;0;0;No Carbon Sequestration;0,260;0;0;1:1:6;37,300;0;0;1:1:6;80,000;0;0;Medium Density;15,130;0;0;Medium Density;21,160;0;112,419;High Density;42,610;4790,17359;519,2;0,219
72;Residential;New Build (Greenfield);2404;3;None;Piles (Pile Caps);Suspended RC;In-Situ RC;6,50;2,50;Stone + Masonry;Unknown;0;CEMI;0,097;0;234950;CEMI;0,121;28405,455;2237500;25% GGBS;0,120;269171,25;0;CEMI;0,172;0;52350;Short Term (A-C);1,550;81142,5;0;Short Term (A-C);2,760;0;220202;Short Term (A-C);1,990;438201,98;0;No Carbon Sequestration;0,430;0;0;No Carbon Sequestration;0,510;0;21000;No Carbon Sequestration;0,260;5460;0;1:1:6;37,300;0;0;1:1:6;80,000;0;0;Medium Density;15,130;0;0;Medium Density;21,160;0;0;High Density;42,610;0;822,4;0,342
73;Educational;New Build (Greenfield);1930;3;None;Mass Pads/Strips;Ground Bearing RC;In-Situ RC;5,50;1,50;Masonry Only;Outstanding;402912;CEMI;0,097;39163,0464;0;CEMI;0,121;0;1616484;CEMI;0,150;241664,358;0;CEMI;0,172;0;33306;Short Term (A-C);1,550;51624,3;0;Short Term (A-C);2,760;0;122902;Short Term (A-C);1,990;244574,98;0;No Carbon Sequestration;0,430;0;0;No Carbon Sequestration;0,510;0;4879;No Carbon Sequestration;0,260;1268,54;0;1:1:6;37,300;0;0;1:1:6;80,000;0;0;Medium Density;15,130;0;0;Medium Density;21,160;0;0;High Density;42,610;0;578,3;0,300
74;Residential;New Build (Brownfield);8748;7;None;Piled Ground Beams;Suspended RC;In-Situ RC;6,00;2,50;Masonry Only;Unknown;0;CEMI;0,097;0;0;CEMI;0,121;0;12006497;CEMI;0,150;1794971,302;0;CEMI;0,172;0;0;Short Term (A-C);1,550;0;0;Short Term (A-C);2,760;0;343509;Short Term (A-C);1,990;683582,91;0;No Carbon Sequestration;0,430;0;0;No Carbon Sequestration;0,510;0;0;No Carbon Sequestration;0,260;0;0;1:1:6;37,300;0;0;1:1:6;80,000;0;0;Medium Density;15,130;0;0;Medium Density;21,160;0;51;High Density;42,610;2173,11;2480,7;0,284
75;Commercial;New Build (Brownfield);1163;1;None;Mass Pads/Strips;Ground Bearing RC;Steel Frame, Precast;6,24;5,50;Lightweight + SFS;Unknown;668770,642;CEMI;0,097;65004,5064;0;CEMI;0,121;0;171058;25% GGBS;0,120;20578,28943;0;CEMI;0,172;0;59712,538;Short Term (A-C);1,550;92554,4339;20367,963;Short Term (A-C);2,760;56215,57788;3590,898;Short Term (A-C);1,990;7145,88702;0;No Carbon Sequestration;0,430;0;0;No Carbon Sequestration;0,510;0;0;No Carbon Sequestration;0,260;0;0;1:1:6;37,300;0;0;1:1:6;80,000;0;359;Medium Density;15,130;5431,67;0;Medium Density;21,160;0;0;High Density;42,610;0;246,9;0,212
76;Other;New Build (Brownfield);2575;4;Full Footprint;Mass Pads/Strips;Suspended RC;Steel Frame, Precast;7,50;4,00;Lightweight + SFS;Unknown;1391045,872;CEMI;0,097;135209,6588;1006116,208;CEMI;0,121;121639,4495;0;CEMI;0,150;0;242593,272;70% GGBS;0,072;17442,45626;119380;Short Term (A-C);1,550;185039;0;Short Term (A-C);2,760;0;17363,4;Short Term (A-C);1,990;34553,166;0;No Carbon Sequestration;0,430;0;0;No Carbon Sequestration;0,510;0;0;No Carbon Sequestration;0,260;0;0;1:1:6;37,300;0;0;1:1:6;80,000;0;0;Medium Density;15,130;0;0;Medium Density;21,160;0;0;High Density;42,610;0;493,9;0,192
77;Residential;New Build (Brownfield);4787;6;None;Piled Ground Beams;Suspended RC;In-Situ RC;6,00;2,50;Masonry + SFS;Unknown;0;CEMI;0,097;0;0;CEMI;0,121;0;5723082;25% GGBS;0,120;688486,7646;0;CEMI;0,172;0;0;Short Term (A-C);1,550;0;0;Short Term (A-C);2,760;0;241469;Short Term (A-C);1,990;480523,31;0;No Carbon Sequestration;0,430;0;0;No Carbon Sequestration;0,510;0;0;No Carbon Sequestration;0,260;0;0;1:1:6;37,300;0;0;1:1:6;80,000;0;0;Medium Density;15,130;0;0;Medium Density;21,160;0;0;High Density;42,610;0;1169,0;0,244
78;Industrial;New Build (Greenfield);3851;1;None;Mass Pads/Strips;Ground Bearing RC;Steel Frame, Composite;20,50;0,85;Lightweight + SFS;Unknown;780200;50% GGBS;0,092;71622,36;0;CEMI;0,121;0;2666960;50% GGBS;0,089;236826,048;0;CEMI;0,172;0;187407;Short Term (A-C);1,550;290480,85;23297;Short Term (A-C);2,760;64299,72;32456;Short Term (A-C);1,990;64587,44;0;No Carbon Sequestration;0,430;0;0;No Carbon Sequestration;0,510;0;0;No Carbon Sequestration;0,260;0;0;1:1:6;37,300;0;0;1:1:6;80,000;0;0;Medium Density;15,130;0;0;Medium Density;21,160;0;0;High Density;42,610;0;727,8;0,189
79;Residential;New Build (Greenfield);307;2;None;Mass Pads/Strips;Ground Bearing RC;Timber Frame;4,00;1,50;Timber Only;Unknown;180108;CEMI;0,097;17506,4976;141600;CEMI;0,121;17119,44;0;CEMI;0,150;0;0;CEMI;0,172;0;462;Short Term (A-C);1,550;716,1;0;Short Term (A-C);2,760;0;3540;Short Term (A-C);1,990;7044,6;0;No Carbon Sequestration;0,430;0;0;No Carbon Sequestration;0,510;0;33026;No Carbon Sequestration;0,260;8586,76;0;1:1:6;37,300;0;0;1:1:6;80,000;0;0;Medium Density;15,130;0;0;Medium Density;21,160;0;0;High Density;42,610;0;51,0;0,166
80;Residential;New Build (Brownfield);340;2;Partial Footprint;Mass Pads/Strips;Suspended RC;In-Situ RC;6,50;2,50;Other;Unknown;188600;CEMI;0,097;18331,92;0;CEMI;0,121;0;207000;50% GGBS;0,089;18381,6;0;CEMI;0,172;0;3400;Short Term (A-C);1,550;5270;0;Short Term (A-C);2,760;0;13340;Short Term (A-C);1,990;26546,6;0;No Carbon Sequestration;0,430;0;500;No Carbon Sequestration;0,510;255;2800;No Carbon Sequestration;0,260;728;15;1:1:6;37,300;559,5;0;1:1:6;80,000;0;0;Medium Density;15,130;0;0;Medium Density;21,160;0;0;High Density;42,610;0;70,1;0,206
